#{"t_start": 1721770740.9424355, "env_id": "SpaceInvadersNoFrameskip-v4"}
r,l,t
65.0,1715,0.715084
210.0,2611,1.007195
105.0,1403,1.159723
110.0,1703,1.341416
75.0,1413,1.492484
35.0,993,1.599353
60.0,1355,1.744791
130.0,1739,1.932109
85.0,1471,2.091249
180.0,1935,2.296313
245.0,3553,2.667468
150.0,2167,2.90075
180.0,2095,3.125314
110.0,1635,3.308759
65.0,1853,3.510631
50.0,1627,3.689503
105.0,1867,3.896251
100.0,2127,4.134987
90.0,1899,4.347477
185.0,3211,4.703857
730.0,3819,5.122291
130.0,2379,5.388331
20.0,1201,5.521168
145.0,1873,5.727954
150.0,1413,5.884513
180.0,1871,6.09373
160.0,2431,6.364167
125.0,1375,6.515583
100.0,1645,6.695608
60.0,1809,6.897727
135.0,1859,7.10464
210.0,2663,7.394414
55.0,1599,7.568251
30.0,1649,7.746704
180.0,1571,7.915807
235.0,3073,8.255638
90.0,1643,8.437275
140.0,1895,8.643487
55.0,1187,8.773571
135.0,2173,9.014959
195.0,2035,9.241338
150.0,3393,9.62834
90.0,1633,9.804219
385.0,2279,10.058181
75.0,1499,10.229684
160.0,2419,10.500171
180.0,2333,10.758771
45.0,1113,10.88151
120.0,2005,11.109878
120.0,2109,11.334971
160.0,2517,11.60987
415.0,2479,13.329826
155.0,1949,13.534162
120.0,2203,13.765952
170.0,2373,14.014965
210.0,1879,14.212014
185.0,1923,14.41366
210.0,2265,14.652418
65.0,1975,14.862359
355.0,2363,15.112495
120.0,2231,15.346103
135.0,2563,15.613354
80.0,1405,15.760953
240.0,2491,16.021113
110.0,1509,16.180405
145.0,2023,16.393883
80.0,1151,16.514232
35.0,1149,16.635968
180.0,2073,16.853652
110.0,1905,17.05584
30.0,1543,17.219585
105.0,2081,17.438693
140.0,1845,17.632304
225.0,3413,17.985325
105.0,1805,18.174832
210.0,2269,18.412737
110.0,1627,18.584166
150.0,2391,18.835432
465.0,3280,19.173095
215.0,3373,19.524723
65.0,1187,19.649373
30.0,1483,19.806635
520.0,3231,20.140378
110.0,1785,20.326427
180.0,1975,20.533735
135.0,3033,20.850142
210.0,2023,21.062019
185.0,2841,21.361519
30.0,1553,21.53061
210.0,2583,21.801708
395.0,3675,22.179985
170.0,2317,22.426728
75.0,1121,22.547956
90.0,1915,22.749387
120.0,2457,23.007864
110.0,2005,23.229822
100.0,1697,23.408751
55.0,1089,23.524622
55.0,1625,23.696958
45.0,1137,23.817697
135.0,1985,25.205523
105.0,1417,25.356564
110.0,2271,25.598821
80.0,1143,25.719712
35.0,1343,25.861886
70.0,1855,26.058749
95.0,1907,26.259622
60.0,1069,26.373009
110.0,1921,26.576193
135.0,1921,26.778745
20.0,1375,26.925955
285.0,3353,27.272944
155.0,1957,27.480161
155.0,2253,27.717357
135.0,1515,27.878178
105.0,1147,27.999488
15.0,1761,28.190682
420.0,2803,28.488458
110.0,3189,28.827668
175.0,2867,29.128301
135.0,1917,29.335819
30.0,1293,29.476417
35.0,1789,29.668983
80.0,1157,29.790712
100.0,1953,29.997408
45.0,1673,30.173557
180.0,2831,30.470319
210.0,2549,30.735879
125.0,1451,30.888846
155.0,1523,31.049454
125.0,2527,31.315957
135.0,2327,31.561054
160.0,2325,31.806063
75.0,1607,31.974894
120.0,1877,32.173531
65.0,1547,32.337566
50.0,1217,32.469223
110.0,1573,32.637596
170.0,2107,32.860413
135.0,1395,33.006909
30.0,1203,33.134939
20.0,1171,33.259143
190.0,2681,33.541633
135.0,2091,33.761322
105.0,2015,33.973253
130.0,2133,34.197794
40.0,1135,34.31812
255.0,2533,34.588446
135.0,2255,34.836959
210.0,2045,35.059311
115.0,2219,35.293334
455.0,4109,35.709069
170.0,2079,35.927168
180.0,1999,38.103876
120.0,2051,38.31977
135.0,2053,38.535241
30.0,1581,38.703033
90.0,1529,38.864715
590.0,3915,39.269457
105.0,1595,39.437811
150.0,1829,39.636939
80.0,1123,39.755511
265.0,2023,39.967108
80.0,1137,40.08769
110.0,1911,40.289437
155.0,1535,40.450485
55.0,1639,40.624633
55.0,1481,40.781268
180.0,2379,41.031974
75.0,1511,41.19234
230.0,2667,41.474357
45.0,1169,41.598605
135.0,2445,41.855046
185.0,3245,42.194723
80.0,1151,42.317017
65.0,1535,42.514465
270.0,3335,42.862222
120.0,1607,43.03114
240.0,2383,43.281828
90.0,1393,43.428297
135.0,2083,43.64835
110.0,1925,43.852219
65.0,1635,44.024661
135.0,1561,44.190554
185.0,2397,44.440765
200.0,3377,44.793202
45.0,1189,44.919202
180.0,1991,45.127252
160.0,2047,45.342762
180.0,1549,45.50632
210.0,2471,45.76466
455.0,3475,46.123049
380.0,2799,46.415869
80.0,1225,46.545149
135.0,1963,46.751936
135.0,2153,46.976808
55.0,1127,47.095536
55.0,1539,47.25867
485.0,2960,47.563874
170.0,3235,47.901028
650.0,3705,48.287215
80.0,1743,48.471745
425.0,4455,51.532922
300.0,3891,52.641127
75.0,2015,53.208276
140.0,2569,53.942318
185.0,4287,55.174124
90.0,4831,56.585743
150.0,1833,57.11205
235.0,4357,58.348485
255.0,2247,58.988251
115.0,2361,59.661296
90.0,1929,60.211618
245.0,2125,60.817406
220.0,2409,61.510741
120.0,4227,62.733078
30.0,1169,63.072016
205.0,4791,64.442938
50.0,1905,64.999954
115.0,2067,65.589932
185.0,2017,66.165364
250.0,2961,67.012084
65.0,1923,67.560567
500.0,3823,68.650298
35.0,1487,69.084815
170.0,1921,69.628448
345.0,3379,70.618028
540.0,4185,71.826354
210.0,3419,72.795897
0.0,925,73.056222
460.0,3089,73.924839
165.0,1927,74.470794
60.0,1133,74.794972
155.0,2453,75.496761
285.0,3179,76.408113
165.0,1941,76.963928
135.0,2095,77.554785
240.0,2663,78.309168
120.0,2131,78.931036
275.0,3271,79.88936
130.0,2939,83.186141
515.0,3891,84.307291
415.0,3511,85.312648
55.0,1919,85.863772
5.0,1593,86.312269
115.0,2449,87.0101
15.0,1483,87.42981
105.0,1777,87.936072
15.0,1009,88.22135
115.0,1653,88.697898
105.0,1297,89.063018
145.0,2001,89.635978
285.0,3093,90.506901
305.0,2957,91.357581
135.0,2105,91.962547
120.0,1877,92.517275
135.0,1859,93.058961
185.0,3243,93.997358
620.0,3842,95.094349
110.0,2393,95.783653
235.0,2651,96.532288
170.0,2593,97.277843
220.0,2413,97.969021
275.0,2167,98.601717
105.0,1179,98.93337
105.0,1471,99.354292
135.0,1865,99.883121
130.0,1963,100.450486
165.0,1831,100.967379
175.0,2917,101.824201
175.0,2967,102.678622
440.0,3555,103.690439
260.0,3239,104.616677
350.0,4059,105.768065
200.0,2027,106.35312
160.0,2075,106.94519
105.0,1879,107.481953
190.0,2337,108.150617
105.0,1513,108.585678
185.0,1905,109.119621
130.0,2087,109.710831
190.0,2085,110.294163
270.0,2745,111.073164
325.0,3197,114.16363
250.0,3265,115.092808
75.0,1047,115.394626
215.0,2945,116.243469
365.0,3553,117.258972
110.0,1337,117.656105
160.0,2759,118.448917
315.0,3545,119.453342
260.0,2505,120.16939
140.0,2323,120.837333
120.0,1989,121.416546
525.0,3909,122.53104
310.0,2935,123.373674
105.0,1723,123.866617
65.0,2079,124.469859
475.0,3421,125.449682
240.0,2539,126.168856
185.0,2047,126.749052
105.0,1867,127.282593
120.0,3701,128.356064
270.0,2163,128.981533
370.0,3483,129.962836
230.0,2573,130.697292
135.0,2363,131.373159
800.0,5649,132.964206
300.0,2923,133.791092
215.0,2493,134.500197
210.0,4213,135.713545
380.0,3321,136.662019
335.0,2393,137.343224
415.0,3687,138.404317
120.0,1913,138.948151
215.0,1883,139.477331
910.0,6453,141.292891
185.0,1857,141.827003
325.0,3775,142.886765
195.0,1917,145.439882
70.0,1127,145.754868
450.0,3431,146.724346
225.0,2551,147.432491
130.0,2009,147.999815
225.0,2861,148.813589
405.0,2033,149.392976
355.0,2673,150.156641
215.0,2971,151.008291
405.0,2681,151.784069
230.0,2325,152.448899
435.0,2307,153.1095
210.0,2263,153.754378
330.0,3061,154.627569
490.0,4179,155.823878
185.0,2095,156.414088
235.0,2203,157.04499
80.0,1563,157.490015
375.0,3469,158.493242
295.0,3329,159.435463
235.0,2505,160.162165
370.0,3067,161.03188
150.0,2395,161.699623
135.0,1945,162.246985
185.0,2439,162.933678
300.0,2867,163.77661
195.0,1959,164.337265
290.0,3223,165.256127
430.0,3849,166.343355
260.0,2481,167.047516
400.0,3379,168.004629
210.0,2555,168.716165
275.0,2415,169.400632
330.0,2811,170.187799
610.0,4049,171.318965
245.0,2235,171.948424
300.0,2753,172.741658
170.0,1925,173.289414
265.0,2913,176.755124
25.0,1475,177.166096
175.0,2015,177.746342
440.0,3391,178.720499
305.0,2181,179.33509
100.0,2811,180.141506
215.0,2141,180.747427
235.0,3303,181.682007
185.0,2481,182.387369
270.0,2935,183.217275
275.0,2757,184.012376
205.0,2019,184.592673
230.0,2081,185.191118
200.0,2079,185.7862
265.0,2481,186.524897
280.0,2315,187.178719
275.0,2777,187.973425
135.0,1887,188.506665
480.0,3301,189.43627
225.0,2939,190.277397
500.0,3091,191.151719
325.0,3313,192.104384
230.0,2455,192.808585
90.0,1091,193.112057
160.0,1193,193.453582
520.0,3103,194.340223
270.0,3147,195.239267
270.0,2791,196.026505
270.0,2753,196.804684
255.0,2633,197.565577
300.0,2391,198.249373
340.0,3977,199.395004
190.0,1999,199.976193
325.0,3691,201.039937
225.0,2733,201.825112
300.0,3275,202.762662
185.0,2785,203.549739
205.0,2045,204.138585
310.0,3133,205.034128
65.0,1597,205.486497
280.0,2451,207.955383
395.0,3565,208.967272
450.0,3531,209.966504
310.0,2421,210.64978
65.0,1173,210.988244
255.0,2969,211.835553
275.0,3099,212.730384
200.0,2243,213.384392
125.0,1977,213.947074
240.0,2813,214.745111
230.0,2055,215.328979
155.0,2125,215.932976
270.0,2565,216.667779
275.0,3287,217.621019
140.0,2645,218.384783
155.0,1947,218.937134
170.0,2081,219.53056
180.0,1981,220.103394
200.0,2049,220.688196
40.0,1181,221.022498
190.0,2757,221.804573
265.0,3095,222.686086
75.0,1281,223.05003
240.0,3375,224.009019
185.0,1577,224.453901
110.0,2473,225.167789
165.0,1985,225.733144
215.0,2291,226.386913
235.0,2029,226.951656
55.0,1187,227.30298
60.0,1369,227.692263
165.0,2013,228.266286
285.0,2373,228.940562
415.0,2553,229.670614
225.0,3291,230.615676
335.0,2499,231.327447
300.0,2445,232.013367
495.0,2733,232.782083
50.0,1539,233.222739
320.0,3239,234.151294
200.0,1921,234.704772
105.0,1893,235.244008
265.0,2295,235.897097
490.0,3327,238.892799
370.0,3103,239.790336
350.0,2859,240.604305
150.0,1965,241.184593
100.0,1539,241.630078
250.0,3039,242.49841
235.0,2173,243.11154
590.0,4385,244.342502
140.0,1699,244.854371
190.0,2167,245.477297
310.0,2465,246.168181
410.0,3103,247.041147
140.0,1935,247.5966
160.0,1921,248.140723
90.0,1569,248.590286
255.0,3143,249.492103
315.0,2783,250.270614
100.0,1029,250.568385
275.0,2313,251.239728
170.0,1865,251.778882
320.0,3645,252.825279
310.0,2947,253.654179
260.0,2107,254.2587
570.0,4153,255.435071
270.0,2555,256.167581
220.0,3443,257.141381
110.0,1835,257.666313
250.0,2857,258.495477
225.0,2295,259.174841
260.0,2453,259.881057
365.0,3501,260.874448
270.0,2417,261.5619
185.0,2527,262.300962
230.0,2725,263.08155
90.0,1153,263.412898
150.0,2115,264.019388
350.0,2967,264.85677
220.0,2455,265.549357
220.0,2043,266.138602
170.0,1749,266.644084
300.0,2785,267.455566
35.0,1407,269.860995
235.0,2065,270.450929
205.0,2707,271.226147
230.0,2001,271.803268
185.0,2017,272.387843
80.0,1481,272.809729
525.0,3168,273.708734
280.0,2223,274.359508
245.0,2349,275.019156
335.0,2727,275.799584
205.0,2421,276.509975
340.0,2813,277.302955
250.0,2273,277.946488
290.0,2103,278.540543
170.0,1623,279.004909
175.0,1997,279.579604
175.0,2513,280.287282
160.0,1967,280.83759
515.0,3003,281.696013
185.0,1753,282.193038
280.0,2079,282.788406
225.0,1945,283.344696
180.0,3063,284.216401
260.0,2009,284.785665
540.0,3355,285.749428
335.0,3229,286.71978
365.0,3410,287.694367
310.0,2497,288.402572
475.0,2891,289.233235
555.0,4071,290.366309
150.0,2389,291.054985
285.0,3117,291.947546
245.0,1847,292.479309
195.0,1985,293.053915
545.0,2833,293.867315
250.0,3137,294.78688
85.0,1115,295.106707
295.0,2175,295.738563
120.0,1691,296.22286
80.0,1325,296.600533
225.0,2699,297.37716
255.0,2475,298.077955
155.0,1853,298.604427
290.0,2701,301.028764
405.0,3251,301.95453
215.0,2993,302.819719
315.0,2289,303.480259
140.0,1603,303.940961
135.0,1539,304.386796
100.0,1403,304.788809
85.0,1875,305.335335
415.0,2477,306.052266
390.0,2851,306.862967
220.0,1783,307.373899
275.0,3077,308.236763
95.0,2103,308.843704
310.0,2533,309.555562
70.0,1545,310.006077
275.0,1869,310.541183
135.0,1577,310.988417
225.0,2419,311.696167
350.0,2915,312.544917
255.0,2301,313.199716
60.0,1195,313.534087
170.0,2009,314.106651
340.0,3230,315.030657
85.0,1789,315.581542
295.0,3071,316.463888
375.0,2935,317.288286
220.0,2945,318.138883
60.0,1085,318.446558
245.0,2655,319.204462
145.0,1937,319.761087
610.0,3393,320.716289
130.0,1893,321.254081
170.0,2587,321.982316
305.0,3338,322.951796
105.0,1785,323.466532
515.0,3399,324.43629
300.0,2365,325.108015
130.0,1929,325.648208
200.0,2059,326.232302
280.0,2841,327.052161
150.0,2489,327.77547
40.0,1543,328.201669
310.0,2719,328.973529
210.0,1923,329.51973
190.0,1871,331.808846
265.0,2937,332.632634
190.0,1571,333.101419
360.0,2777,333.908534
235.0,2719,334.696265
105.0,2123,335.29686
75.0,1641,335.761928
130.0,2061,336.353296
745.0,3715,337.394433
230.0,2555,338.131735
300.0,3511,339.160763
55.0,1089,339.469217
210.0,3205,340.389147
285.0,2880,341.201614
420.0,3863,342.301614
165.0,1825,342.825983
50.0,1877,343.37038
15.0,1779,343.87689
210.0,1657,344.34175
85.0,1541,344.768911
305.0,3131,345.675272
235.0,2147,346.29516
155.0,1549,346.734593
310.0,2591,347.476021
180.0,1697,347.953505
130.0,2347,348.630227
225.0,2387,349.323679
15.0,1053,349.617646
510.0,3723,350.679223
430.0,2861,351.505064
175.0,1907,352.047475
475.0,3093,352.931204
190.0,2755,353.749917
135.0,1969,354.308933
15.0,1383,354.70454
115.0,1759,355.209812
510.0,3273,356.140793
135.0,3261,357.090508
320.0,3181,358.001404
410.0,3582,359.011912
530.0,3639,360.046163
255.0,3513,363.304142
215.0,2513,364.023703
195.0,1597,364.476424
745.0,3961,365.60599
235.0,2079,366.199046
520.0,3209,367.140535
125.0,1599,367.593081
295.0,2741,368.370147
430.0,2391,369.053551
105.0,1297,369.419779
150.0,2077,370.014733
380.0,2425,370.712981
205.0,1973,371.286304
500.0,6161,373.001916
365.0,2805,373.817633
180.0,1779,374.337256
175.0,2081,374.953561
105.0,1545,375.398689
230.0,2187,376.03197
435.0,4199,377.238472
225.0,1961,377.812167
185.0,1953,378.37202
85.0,1317,378.758575
155.0,2007,379.327038
210.0,2575,380.05453
465.0,3443,381.034647
340.0,2857,381.844773
210.0,1767,382.347966
125.0,1361,382.726455
150.0,1343,383.111516
375.0,1875,383.657786
230.0,2043,384.240528
130.0,2045,384.821213
230.0,3189,385.73804
205.0,1611,386.1995
115.0,1643,386.669901
235.0,2019,387.260243
120.0,1213,387.60198
165.0,2421,388.298895
335.0,2723,389.089587
145.0,1519,389.523844
335.0,2883,390.339287
605.0,3203,391.244965
185.0,2073,391.850963
205.0,1557,394.338747
200.0,2137,394.951927
95.0,1423,395.353617
290.0,2573,396.086842
200.0,2077,396.673633
295.0,2463,397.372089
275.0,1989,397.942624
280.0,2729,398.718459
305.0,2731,399.501085
330.0,2875,400.318736
205.0,1937,400.876405
95.0,2445,401.580468
265.0,2899,402.415615
110.0,1065,402.70787
40.0,1721,403.193105
120.0,1833,403.71994
245.0,2541,404.441871
520.0,4222,405.636641
450.0,3211,406.539336
235.0,2705,407.330244
295.0,2827,408.135803
190.0,2719,408.915469
685.0,3779,409.977208
310.0,2559,410.690582
270.0,2713,411.469081
310.0,2989,412.322661
335.0,2725,413.09778
95.0,1489,413.527114
205.0,2259,414.168786
525.0,3251,415.095554
235.0,2135,415.713781
125.0,1565,416.171348
280.0,2901,416.993786
275.0,2925,417.827703
350.0,2077,418.4122
310.0,3515,419.446179
595.0,3389,420.407663
220.0,3351,421.363867
245.0,2793,422.156528
390.0,2847,422.955765
525.0,2849,426.619404
570.0,2965,427.458393
405.0,3757,428.530625
215.0,2639,429.272285
115.0,1571,429.727658
700.0,3917,430.822819
380.0,3005,431.698777
110.0,1525,432.132832
395.0,2307,432.789882
670.0,3819,433.858024
335.0,2706,434.629439
80.0,1231,434.985713
215.0,2349,435.659355
375.0,3043,436.532346
295.0,2785,437.335979
635.0,4217,438.538875
95.0,1501,438.971464
125.0,1335,439.353832
195.0,2763,440.150752
405.0,3601,441.178777
70.0,1901,441.729676
195.0,2465,442.461909
335.0,3449,443.452482
205.0,2023,444.023155
345.0,2813,444.818791
220.0,2693,445.611316
200.0,2953,446.453602
210.0,2571,447.195762
170.0,2087,447.794817
225.0,2869,448.628514
345.0,2497,449.357435
285.0,2337,450.026456
315.0,2767,450.810479
540.0,3799,451.889103
165.0,2019,452.456398
425.0,3453,453.437838
620.0,3335,454.393831
350.0,2860,455.237714
340.0,2895,457.917583
190.0,3197,458.845854
310.0,2973,459.701642
250.0,2999,460.561123
220.0,2259,461.20421
170.0,2083,461.810786
440.0,2281,462.456812
160.0,2431,463.14027
105.0,1787,463.652087
215.0,2113,464.258656
235.0,2433,464.953772
140.0,1283,465.317389
200.0,1977,465.886262
285.0,3061,466.752373
330.0,2567,467.50219
125.0,2035,468.086198
75.0,1973,468.650758
190.0,2767,469.448797
350.0,2831,470.261752
425.0,3411,471.238274
305.0,2805,472.027995
525.0,3279,472.967044
300.0,2505,473.694991
595.0,3309,474.640447
450.0,4195,475.830554
355.0,2871,476.650293
265.0,2565,477.37884
380.0,4093,478.528296
165.0,1911,479.090181
390.0,3639,480.145378
35.0,1857,480.67575
245.0,2529,481.394973
385.0,2890,482.212144
335.0,2403,482.901797
275.0,2483,483.605517
400.0,3183,484.529434
305.0,3097,485.420162
370.0,2587,486.163212
690.0,3943,490.136275
370.0,3687,491.181858
115.0,1285,491.547626
390.0,2985,492.396807
335.0,2275,493.047285
390.0,3121,493.931644
615.0,4485,495.181357
425.0,3799,496.257506
135.0,1129,496.583655
450.0,3599,497.613153
565.0,3155,498.517046
485.0,4133,499.68321
215.0,2077,500.280999
515.0,3803,501.360969
555.0,4849,502.736865
340.0,2715,503.528454
335.0,2745,504.307285
325.0,3023,505.165499
165.0,2387,505.858799
515.0,2671,506.629851
200.0,2747,507.412722
220.0,2207,508.046695
410.0,2547,508.783544
290.0,2215,509.424889
425.0,3322,510.374378
400.0,3427,511.360113
365.0,3637,512.388254
250.0,2039,512.980157
285.0,2857,513.795485
315.0,2741,514.564979
310.0,2885,515.383848
305.0,2669,516.146643
190.0,2079,516.745406
250.0,2709,517.530303
745.0,4053,520.973771
210.0,2669,521.730616
335.0,2399,522.435716
255.0,2313,523.100135
250.0,3089,523.993439
465.0,3405,524.976655
200.0,2051,525.560432
835.0,4004,526.709581
200.0,2151,527.316954
155.0,1711,527.819514
520.0,2655,528.579519
630.0,3463,529.560998
225.0,2411,530.251618
55.0,1547,530.693322
230.0,1889,531.236911
325.0,3335,532.177417
660.0,3379,533.143135
330.0,2659,533.891732
650.0,4313,535.131337
190.0,1851,535.65952
310.0,2746,536.443953
45.0,1163,536.77618
275.0,2249,537.420711
250.0,2801,538.227948
240.0,2375,538.915643
190.0,2389,539.589548
95.0,1711,540.083861
235.0,2499,540.813414
195.0,2125,541.434593
385.0,3505,542.435181
255.0,2503,543.150192
110.0,2187,543.773727
85.0,2743,544.571186
275.0,2895,545.401722
380.0,4065,546.56223
185.0,1975,547.129818
635.0,4057,548.295758
455.0,3369,549.243399
385.0,3097,552.997711
245.0,2465,553.721371
100.0,1859,554.242718
425.0,3583,555.253139
280.0,2643,555.999377
175.0,1665,556.468005
610.0,4037,557.590861
510.0,3711,558.636387
640.0,3347,559.583396
285.0,3338,560.537759
310.0,2557,561.261543
325.0,2555,561.9858
245.0,2567,562.727596
450.0,3609,563.756438
345.0,2329,564.44513
415.0,3263,565.374125
145.0,1551,565.812307
285.0,3283,566.759725
110.0,1357,567.155942
265.0,2173,567.766205
145.0,2519,568.477829
290.0,2121,569.083952
400.0,3467,570.081702
285.0,2143,570.695771
300.0,2545,571.411875
420.0,2774,572.196996
485.0,2915,573.046892
410.0,2761,573.835889
265.0,2397,574.501551
400.0,2715,575.262961
650.0,2991,576.090688
335.0,2643,576.836699
295.0,3095,577.726157
415.0,3253,578.642144
250.0,2569,579.372726
435.0,4703,580.731591
485.0,3513,584.415416
320.0,2947,585.238849
230.0,2503,585.938539
210.0,2781,586.725465
270.0,2851,587.560612
485.0,4069,588.729464
395.0,2839,589.536766
530.0,4415,590.784662
235.0,3139,591.697507
910.0,4989,593.085101
270.0,2825,593.90901
600.0,4995,595.325956
250.0,2607,596.061283
445.0,3913,597.180212
335.0,2955,598.023154
120.0,2741,598.817901
360.0,3647,599.871646
715.0,4027,601.009637
575.0,3995,602.131987
290.0,2571,602.859243
125.0,1467,603.274021
730.0,3203,604.177032
550.0,4221,605.370799
485.0,3513,606.362669
375.0,3585,607.375942
365.0,3079,608.280748
320.0,3101,609.167435
240.0,2701,609.943381
290.0,2721,610.742532
550.0,4119,611.896408
390.0,2939,612.730195
435.0,5083,616.647207
720.0,3815,617.733826
530.0,3397,618.701502
615.0,3675,619.752314
810.0,3209,620.675491
435.0,2627,621.414495
340.0,3117,622.302342
445.0,3059,623.171599
715.0,3835,624.273343
60.0,1477,624.702904
275.0,3419,625.679979
235.0,2113,626.288289
565.0,3211,627.216275
570.0,3539,628.220004
540.0,3719,629.26085
225.0,2321,629.927478
430.0,3503,630.913583
635.0,2655,631.657604
470.0,4097,632.818984
895.0,3549,633.83027
415.0,2995,634.664555
515.0,3819,635.733226
305.0,2220,636.373397
395.0,3009,637.231001
350.0,3685,638.286332
395.0,3309,639.24489
545.0,3507,640.233265
345.0,2680,641.015637
330.0,3123,641.893525
265.0,2211,642.519194
655.0,3617,643.533954
610.0,2965,646.83463
610.0,2635,647.579764
240.0,2961,648.428616
95.0,1681,648.907804
270.0,2513,649.626175
435.0,3249,650.551618
515.0,4390,651.81532
270.0,2481,652.531235
430.0,3307,653.476378
285.0,2377,654.156835
350.0,3005,655.030675
395.0,3399,656.015998
545.0,4486,657.263112
625.0,3753,658.338783
410.0,2803,659.139605
155.0,2031,659.713562
560.0,3383,660.673812
600.0,4637,661.989309
340.0,2423,662.678797
395.0,3866,663.773028
210.0,2407,664.458604
370.0,2705,665.255427
155.0,2209,665.882586
305.0,3073,666.768131
335.0,2667,667.534914
510.0,3491,668.535018
480.0,4129,669.70691
590.0,3159,670.625702
600.0,4631,671.909547
525.0,3591,672.933501
490.0,3011,673.808198
600.0,4587,675.092402
210.0,2599,679.207564
380.0,3541,680.226779
590.0,4043,681.391187
600.0,4099,682.536857
900.0,5539,684.079291
600.0,3847,685.1537
345.0,2857,685.946974
700.0,3337,686.892378
495.0,4795,688.241927
715.0,4268,689.43976
280.0,2829,690.249275
220.0,2261,690.887871
230.0,2407,691.577354
330.0,3549,692.591332
395.0,3135,693.479878
475.0,3133,694.369126
605.0,4049,695.503859
335.0,2697,696.271987
475.0,3643,697.301879
325.0,2357,697.985487
310.0,2937,698.808265
670.0,3333,699.756848
530.0,3744,700.822207
550.0,3801,701.882968
655.0,4387,703.139424
655.0,4181,704.323161
580.0,4615,705.62697
330.0,3089,706.484922
525.0,5071,711.114023
450.0,3701,712.176081
330.0,2556,712.905672
685.0,3459,713.883441
350.0,2897,714.722831
245.0,1947,715.269654
420.0,4319,716.51176
140.0,1541,716.948113
350.0,3283,717.868419
395.0,2902,718.704135
500.0,3331,719.649027
585.0,4329,720.873507
410.0,2873,721.686756
615.0,3601,722.710814
580.0,4199,723.874871
215.0,2509,724.594179
545.0,4291,725.779624
1000.0,4815,727.155847
605.0,3073,728.0466
480.0,2827,728.861833
215.0,2329,729.52294
515.0,2831,730.319149
320.0,2795,731.119628
555.0,3899,732.212529
605.0,4163,733.391994
385.0,3011,734.249725
190.0,1601,734.72102
240.0,2535,735.457391
570.0,4605,736.749951
245.0,1827,737.277756
600.0,5015,738.676769
575.0,5532,743.102324
880.0,6719,744.998862
190.0,1929,745.547727
340.0,2843,746.336723
575.0,5601,747.918154
535.0,3658,748.949001
315.0,2625,749.700135
465.0,2199,750.357634
495.0,3709,751.417955
220.0,2135,752.022295
550.0,2391,752.70962
270.0,2433,753.417708
615.0,3471,754.411571
700.0,3209,755.314352
460.0,3717,756.351741
680.0,3401,757.306007
520.0,3519,758.301836
145.0,2119,758.911107
515.0,3239,759.831944
910.0,5591,761.425854
255.0,2487,762.142197
115.0,1791,762.640826
640.0,4435,763.889304
420.0,3407,764.868201
445.0,2709,765.632367
570.0,4553,766.942372
575.0,4621,768.231436
440.0,2857,769.027497
560.0,4056,770.161837
800.0,3141,771.05675
605.0,3841,774.930421
645.0,5099,776.375507
365.0,2993,777.220632
545.0,4425,778.460089
600.0,4047,779.588533
545.0,4910,780.965375
450.0,3305,781.904975
470.0,2747,782.677711
460.0,3010,783.547106
715.0,3437,784.561398
300.0,2778,785.376825
345.0,3235,786.310239
900.0,4001,787.445777
480.0,3313,788.391813
365.0,2885,789.210934
780.0,3156,790.104084
245.0,2337,790.781595
435.0,3197,791.694517
770.0,4413,792.940465
805.0,5477,794.516739
390.0,2967,795.36404
440.0,3691,796.430536
605.0,4559,797.709687
525.0,5019,799.133822
515.0,4459,800.400959
555.0,4021,801.53102
370.0,3359,802.482919
690.0,3297,806.462601
545.0,3924,807.560769
580.0,2177,808.185212
575.0,4429,809.431535
660.0,3577,810.434131
670.0,4247,811.658472
520.0,3637,812.664667
555.0,3774,813.723082
345.0,3009,814.589078
635.0,4079,815.733761
550.0,3642,816.762562
550.0,2967,817.593601
775.0,3712,818.655045
600.0,5155,820.10322
600.0,4359,821.301728
425.0,2997,822.163141
510.0,3957,823.292184
600.0,4233,824.461716
545.0,3610,825.48853
670.0,3217,826.383723
360.0,2284,827.069215
725.0,3521,828.071445
570.0,3359,829.038182
600.0,4283,830.238002
740.0,4677,831.568796
635.0,3893,832.686736
600.0,3999,833.808652
510.0,2753,837.799973
250.0,3225,838.721726
325.0,3113,839.610899
540.0,3880,840.71283
470.0,4059,841.844412
680.0,3505,842.835721
715.0,3953,843.941183
525.0,4339,845.157517
465.0,4183,846.355942
780.0,4088,847.499044
600.0,4373,848.724503
470.0,4417,849.957053
715.0,6491,851.805524
520.0,4763,853.142201
800.0,4265,854.320348
515.0,3627,855.355447
600.0,4611,856.620414
550.0,3600,857.642653
470.0,3997,858.765005
460.0,4195,859.967836
365.0,2879,860.775317
600.0,3961,861.865917
600.0,3821,862.936882
935.0,7257,864.99717
570.0,6031,870.743703
605.0,4237,871.943032
790.0,4126,873.121864
505.0,4259,874.325236
510.0,2673,875.089027
515.0,3847,876.164002
350.0,3335,877.134058
575.0,3672,878.179937
605.0,3657,879.203162
600.0,4383,880.437799
580.0,4069,881.607921
750.0,3688,882.646388
1435.0,6655,884.554363
525.0,4172,885.714742
540.0,3774,886.775858
335.0,2923,887.602566
745.0,4503,888.859694
775.0,3486,889.851555
450.0,4209,891.070912
570.0,4232,892.272333
545.0,3018,893.125397
485.0,2961,893.988864
600.0,4847,895.358572
800.0,5511,896.93705
305.0,3390,897.895921
515.0,3295,901.966032
105.0,1953,902.52967
800.0,4253,903.730818
365.0,2787,904.531051
800.0,5727,906.155514
755.0,4554,907.476265
455.0,4081,908.644135
550.0,3815,909.71367
600.0,4119,910.878551
600.0,4741,912.206089
475.0,3251,913.150994
545.0,3349,914.097054
775.0,4493,915.362062
745.0,3495,916.368064
580.0,3393,917.345627
175.0,1659,917.810102
690.0,3797,918.876046
605.0,4113,920.053296
870.0,4401,921.300106
540.0,3693,922.337461
1000.0,4379,923.606215
970.0,3884,924.709907
1185.0,7391,926.833076
485.0,4359,928.066518
490.0,4069,929.196108
805.0,4473,933.237965
275.0,2901,934.084513
270.0,3111,934.997136
350.0,2639,935.757158
480.0,3479,936.753043
600.0,5143,938.221928
725.0,3243,939.133599
600.0,4997,940.524265
885.0,3313,941.471331
600.0,4611,942.781665
660.0,3765,943.864562
600.0,4755,945.203943
545.0,4016,946.352652
925.0,3435,947.334008
605.0,3421,948.285672
325.0,3205,949.208171
405.0,2241,949.851317
515.0,4181,951.06412
540.0,3565,952.065963
605.0,4473,953.31198
800.0,3913,954.416666
1000.0,4561,955.710252
325.0,2156,956.331985
440.0,3499,957.321818
520.0,3415,958.301526
465.0,3465,959.279419
435.0,4207,960.465099
485.0,3841,961.530365
755.0,4587,966.566802
610.0,3683,967.60824
670.0,3377,968.576384
670.0,5225,970.040171
450.0,4163,971.211213
465.0,3663,972.233755
545.0,3450,973.196239
545.0,3372,974.144731
305.0,2455,974.840781
440.0,3481,975.8275
415.0,3712,976.883763
470.0,3721,977.95302
600.0,4091,979.092859
475.0,4021,980.256373
490.0,3577,981.268443
575.0,4281,982.47047
440.0,3957,983.586684
675.0,4077,984.720698
1000.0,5063,986.1295
225.0,2369,986.804198
970.0,4257,988.019886
600.0,3401,988.969497
415.0,2991,989.819172
545.0,4223,991.036507
800.0,4183,992.20546
745.0,3570,993.212784
515.0,3985,998.09335
750.0,3664,999.153311
530.0,4723,1000.507129
390.0,2327,1001.175532
470.0,3723,1002.215815
515.0,3645,1003.237794
580.0,3544,1004.233549
515.0,3424,1005.216491
710.0,3107,1006.079761
880.0,5077,1007.507621
580.0,4316,1008.731678
800.0,3585,1009.765818
745.0,3991,1010.87849
470.0,4339,1012.116849
570.0,3795,1013.174896
785.0,3763,1014.244294
600.0,3921,1015.351255
550.0,3903,1016.473317
600.0,4251,1017.654776
470.0,3925,1018.762091
720.0,3571,1019.766972
605.0,4085,1020.908865
430.0,3721,1021.954693
770.0,4275,1023.16419
470.0,3891,1024.26306
610.0,3419,1025.237058
570.0,5323,1030.088541
690.0,4675,1031.414494
485.0,3559,1032.41563
445.0,3575,1033.439055
580.0,3521,1034.431119
515.0,4361,1035.649479
490.0,4053,1036.779612
570.0,4464,1038.025499
410.0,2591,1038.757905
465.0,4129,1039.917282
470.0,4405,1041.189677
440.0,4115,1042.371922
600.0,4785,1043.724144
600.0,4167,1044.883815
710.0,4075,1046.032274
495.0,3781,1047.073439
745.0,4016,1048.19313
600.0,3643,1049.222129
570.0,4601,1050.521133
520.0,4160,1051.683937
460.0,2455,1052.387268
805.0,3417,1053.368396
600.0,4265,1054.568565
490.0,3103,1055.463992
600.0,4113,1056.618001
440.0,3779,1057.679202
550.0,3419,1062.025915
1325.0,8351,1064.342466
605.0,3919,1065.426798
600.0,3929,1066.519264
865.0,3489,1067.508817
590.0,3219,1068.401064
645.0,5425,1069.918543
430.0,3263,1070.857646
725.0,3221,1071.774658
530.0,3477,1072.757708
645.0,3459,1073.747623
160.0,1955,1074.32283
540.0,4271,1075.531468
545.0,4297,1076.743064
750.0,4458,1077.998091
700.0,3887,1079.075914
515.0,3618,1080.091779
1000.0,3925,1081.179577
525.0,4093,1082.319206
600.0,3937,1083.407098
360.0,4407,1084.658159
575.0,4155,1085.837331
550.0,4947,1087.230059
800.0,4179,1088.388634
575.0,3991,1089.491816
320.0,2369,1093.408993
450.0,3265,1094.345065
545.0,3881,1095.430051
570.0,4201,1096.636705
530.0,4735,1097.955084
180.0,1703,1098.445672
745.0,3785,1099.530071
1175.0,7336,1101.574676
545.0,3529,1102.564837
545.0,3739,1103.63597
760.0,6031,1105.348824
610.0,3895,1106.424333
270.0,2765,1107.216638
850.0,5405,1108.742953
670.0,3751,1109.826671
800.0,4191,1110.999747
850.0,4005,1112.143701
515.0,4899,1113.51879
775.0,4381,1114.744149
860.0,4915,1116.127409
715.0,4559,1117.398099
545.0,4611,1118.693183
770.0,3905,1119.794677
575.0,3857,1120.880837
325.0,2596,1121.632343
455.0,3471,1125.739063
310.0,2841,1126.554743
810.0,4581,1127.870498
305.0,2369,1128.559249
415.0,3591,1129.55481
490.0,3473,1130.536013
515.0,2881,1131.371917
455.0,2361,1132.046603
985.0,6743,1133.954507
570.0,3783,1135.002309
880.0,3329,1135.946755
230.0,2639,1136.709998
745.0,3593,1137.70707
800.0,3465,1138.686639
800.0,3845,1139.797175
470.0,3835,1140.891277
555.0,4007,1142.00694
545.0,3595,1143.02638
605.0,3915,1144.133904
375.0,2569,1144.868307
650.0,4841,1146.244855
470.0,3113,1147.135288
425.0,3335,1148.090721
325.0,2455,1148.782441
575.0,3913,1149.868669
515.0,3243,1150.792717
550.0,4475,1152.055079
605.0,3891,1153.142955
460.0,4181,1157.496709
305.0,2427,1158.191217
495.0,3521,1159.226269
915.0,6343,1161.043431
620.0,3633,1162.063779
800.0,3489,1163.046935
600.0,3843,1164.116097
585.0,3531,1165.110686
515.0,3617,1166.13754
210.0,2267,1166.786015
570.0,4403,1168.017546
1150.0,8289,1170.33781
660.0,3603,1171.352724
540.0,4325,1172.565166
525.0,3717,1173.599037
575.0,4126,1174.764342
1045.0,5285,1176.254123
575.0,4254,1177.451542
570.0,4289,1178.662925
350.0,3077,1179.535887
1225.0,7509,1181.637412
565.0,3275,1182.573181
535.0,3930,1183.692676
465.0,4005,1184.847997
